codigo_ibge,nome_municipio,area_km2,nome_municipio_sidra,producao_ton,densidade_ton_km2
3513009,Cotia,324.0549171116514,Cotia,0.0,0.0
3532827,Nova Campina,386.6198963241343,Nova Campina,1113.0,2.8787964887013557
3502507,Aparecida,120.79503165079169,Aparecida,0.0,0.0
3543303,Ribeirão Pires,98.94271095808924,Ribeirão Pires,0.0,0.0
3542008,Quintana,321.1099638290758,Quintana,6000.0,18.685187866651656
3545100,Salmourão,174.38531257330033,Salmourão,700.0,4.01409952289282
3532801,Nova Aliança,218.52796020122594,Nova Aliança,0.0,0.0
3535903,Paranapuã,141.4342351871629,Paranapuã,600.0,4.242254353806258
3522802,Itaporanga,510.19153576356115,Itaporanga,42748.0,83.78814034227877
3525904,Jundiaí,431.2675742392801,Jundiaí,0.0,0.0
3534609,Osvaldo Cruz,250.11356475659196,Osvaldo Cruz,477.0,1.9071336673171313
3516101,Florínea,227.6189583723185,Florínea,22881.0,100.52326117130072
3508207,Buritizal,266.72914753732147,Buritizal,4640.0,17.395924078191563
3506904,Bofete,654.8491973731481,Bofete,0.0,0.0
3532868,Nova Castilho,184.65914343460994,Nova Castilho,2380.0,12.888611718502784
3539400,Piratininga,403.9421906810656,Piratininga,731.0,1.809664889838567
3524600,Jacupiranga,705.2327714502238,Jacupiranga,0.0,0.0
3538105,Pindorama,185.43149653627785,Pindorama,720.0,3.882835513108956
3528700,Marabá Paulista,930.9111742081838,Marabá Paulista,3485.0,3.7436439657782365
3511508,Cerquilho,127.95272062379912,Cerquilho,1120.0,8.75323318284864
3532843,Nova Canaã Paulista,125.55050651105499,Nova Canaã Paulista,0.0,0.0
3553104,Taiaçu,107.32926254016321,Taiaçu,477.0,4.444267935051766
3500808,Alfredo Marcondes,120.1100216745108,Alfredo Marcondes,0.0,0.0
3541604,Promissão,783.4949211039287,Promissão,5280.0,6.739035388462487
3510203,Capão Bonito,1643.4656153936762,Capão Bonito,105600.0,64.25446264946927
3505609,Barrinha,146.28145312393156,Barrinha,208.0,1.4219164190540252
3540309,Pontes Gestal,218.66459002283344,Pontes Gestal,2592.0,11.85377111003358
3541653,Quadra,205.99827384122776,Quadra,6242.0,30.301224780218273
3545159,Saltinho,99.85252975832925,Saltinho,50.0,0.5007384401878834
3527405,Lucélia,317.56536456797767,Lucélia,1600.0,5.03833282378471
3542909,Ribeirão Bonito,472.4365697477774,Ribeirão Bonito,0.0,0.0
3517406,Guaíra,1261.3053712571525,Guaíra,70820.0,56.1481791910655
3526100,Juquiá,813.6072418697627,Juquiá,0.0,0.0
3547700,Santo Anastácio,559.0541551500921,Santo Anastácio,14541.0,26.010002548136153
3546405,Santa Cruz do Rio Pardo,1119.9314979088424,Santa Cruz do Rio Pardo,111600.0,99.64895192999006
3549508,São José da Bela Vista,277.24399932336576,São José da Bela Vista,5400.0,19.4774278728452
3550308,São Paulo,1521.0507270423557,São Paulo,0.0,0.0
3503000,Aramina,203.10257690399462,Aramina,6024.0,29.659889558405304
3548203,Santo Antônio do Pinhal,132.91892942906125,Santo Antônio do Pinhal,0.0,0.0
3518701,Guarujá,144.73508321040077,Guarujá,0.0,0.0
3533304,Nova Luzitânia,74.30291409672022,Nova Luzitânia,1000.0,13.458422353372285
3532009,Morungaba,146.75637960132715,Morungaba,303.0,2.064646189985869
3523305,Itariri,273.7633126595862,Itariri,0.0,0.0
3552700,Tabatinga,369.59472582047295,Tabatinga,5266.0,14.248038816868585
3513900,Divinolândia,223.74112563050096,Divinolândia,0.0,0.0
3535101,Palmares Paulista,82.38098987530053,Palmares Paulista,3600.0,43.69940207624711
3522000,Itaju,231.0457062473088,Itaju,3320.0,14.369451196146914
3504305,Avaí,542.9086813077586,Avaí,0.0,0.0
3512605,Coronel Macedo,305.0397455567764,Coronel Macedo,37414.0,122.6528691587707
3525102,Jardinópolis,502.5402681423406,Jardinópolis,7200.0,14.327210089283145
3515707,Ferraz de Vasconcelos,29.538026548569505,Ferraz de Vasconcelos,0.0,0.0
3506102,Bebedouro,684.8995304625973,Bebedouro,6600.0,9.636449882718132
3556206,Valinhos,148.5704482635457,Valinhos,0.0,0.0
3529203,Martinópolis,1265.44944973139,Martinópolis,9120.0,7.206925572519592
3514403,Dracena,492.9364082993503,Dracena,204.0,0.413846485196352
3544707,Sagres,149.2248278024455,Sagres,225.0,1.5077919895332101
3519204,Iacri,324.3871607111395,Iacri,3240.0,9.988064857120401
3551405,Serra Azul,283.40679012836443,Serra Azul,2400.0,8.468392725922197
3501301,Álvares Machado,351.2682683231139,Álvares Machado,150.0,0.42702405405438615
3532058,Motuca,229.12752596997407,Motuca,2088.0,9.112829159922152
3531605,Monte Castelo,236.06173396456646,Monte Castelo,159.0,0.6735526225689181
3519253,Iaras,402.8257742286487,Iaras,13494.0,33.49835304317108
3521606,Irapuru,216.59468911371386,Irapuru,0.0,0.0
3530300,Mirassol,244.35766653288695,Mirassol,1700.0,6.95701519874845
3555802,Urânia,210.90694910228183,Urânia,0.0,0.0
3520301,Iguape,1980.2973339484104,Iguape,0.0,0.0
3543402,Ribeirão Preto,651.7761881786535,Ribeirão Preto,1470.0,2.255375428961006
3554508,Tietê,404.84143937855777,Tietê,280.0,0.6916288026981807
3542107,Rafard,121.75881506231931,Rafard,0.0,0.0
3540804,Potirendaba,343.9850287086154,Potirendaba,2400.0,6.977047835512063
3507407,Borborema,554.2449404148463,Borborema,1350.0,2.4357461864957033
3532900,Nova Europa,160.65641907203664,Nova Europa,2160.0,13.444840937426092
3522901,Itapuí,140.41513655361933,Itapuí,413.0,2.941278341756913
3537701,Piacatu,234.2729306231836,Piacatu,4080.0,17.415584417486446
3536406,Paulicéia,378.4176589055367,Paulicéia,900.0,2.37832452799108
3508702,Caconde,468.16490571890375,Caconde,360.0,0.7689598165142086
3539509,Pitangueiras,431.50937165394544,Pitangueiras,2100.0,4.866638219121049
3528809,Maracaí,537.6883404487609,Maracaí,81740.0,152.02115026667465
3538204,Pinhalzinho,154.50545864451158,Pinhalzinho,1440.0,9.320059062205518
3540853,Pracinha,63.62064401031781,Pracinha,374.0,5.8785950035234755
3553203,Taiúva,132.76866564472112,Taiúva,254.0,1.9131020016400913
3550803,São Sebastião da Grama,252.41287684985886,São Sebastião da Grama,198.0,0.7844290769593941
3503901,Arujá,96.13337132276985,Arujá,0.0,0.0
3513108,Cravinhos,311.79847860020504,Cravinhos,0.0,0.0
3502606,Aparecida d'Oeste,180.5572883006545,Aparecida d'Oeste,0.0,0.0
3505708,Barueri,65.7078535125322,Barueri,0.0,0.0
3503950,Aspásia,69.93527768225402,Aspásia,0.0,0.0
3507456,Borebi,349.1598114930688,Borebi,1502.0,4.3017551005574886
3509205,Cajamar,131.39942774487974,Cajamar,0.0,0.0
3528858,Marapoama,111.68630961512588,Marapoama,350.0,3.133777104876235
3534708,Ourinhos,297.39638786847934,Ourinhos,13680.0,45.99921370278999
3524709,Jaguariúna,141.42717641888302,Jaguariúna,432.0,3.0545755839775106
3516200,Franca,606.1186539237801,Franca,3289.0,5.426330271652708
3547809,Santo André,175.73531873915465,Santo André,0.0,0.0
3546504,Santa Ernestina,134.71866552949243,Santa Ernestina,525.0,3.89701009831535
3509254,Cajati,455.29838166353716,Cajati,0.0,0.0
3511607,Cesário Lange,190.65505335124124,Cesário Lange,8820.0,46.26155900389922
3548708,São Bernardo do Campo,409.4573567908965,São Bernardo do Campo,0.0,0.0
3518800,Guarulhos,318.59393017408144,Guarulhos,0.0,0.0
3551900,Severínia,140.88962024381667,Severínia,600.0,4.258652972175448
3500907,Altair,314.1689746995188,Altair,3000.0,9.549001466071866
3541307,Presidente Epitácio,1276.5191557922003,Presidente Epitácio,960.0,0.752045118668219
3510302,Capela do Alto,170.08108444066428,Capela do Alto,2940.0,17.28587285099108
3534757,Ouroeste,290.70847734592377,Ouroeste,900.0,3.095884950506826
3530805,Mogi Mirim,497.8249688335033,Mogi Mirim,11880.0,23.863809056900166
3533403,Nova Odessa,73.82891254801942,Nova Odessa,60.0,0.8126897434792245
3540002,Pompéia,789.6265816719305,Pompéia,1260.0,1.5956909623433848
3532108,Murutinga do Sul,253.34850367184185,Murutinga do Sul,192.0,0.7578493546134949
3523404,Itatiba,322.28706810951775,Itatiba,210.0,0.6515930075377365
3520806,Inúbia Paulista,87.87095568838976,Inúbia Paulista,660.0,7.511014246169223
3504404,Avanhandava,340.3045109964855,Avanhandava,1200.0,3.5262535794372503
3512704,Corumbataí,278.89875641411726,Corumbataí,1080.0,3.872372949545833
3525607,João Ramalho,418.7975265243281,João Ramalho,4130.0,9.861567316969545
3527504,Lucianópolis,190.4132020128491,Lucianópolis,580.0,3.046007282419743
3534302,Orlândia,292.1928610839392,Orlândia,6930.0,23.71721189317215
3556305,Valparaíso,865.0350036990562,Valparaíso,648.0,0.749102634262229
3517505,Guapiaçu,326.3993165515686,Guapiaçu,2772.0,8.492664841600687
3518859,Guatapará,414.2114028519383,Guatapará,100.0,0.24142261490504027
3526209,Juquitiba,522.3001582077034,Juquitiba,0.0,0.0
3529302,Matão,526.1178547333174,Matão,9240.0,17.562604874308327
3524303,Jaboticabal,708.0739902952668,Jaboticabal,13212.0,18.659066963454762
3519303,Ibaté,291.4482894180529,Ibaté,420.0,1.44107896751987
3547403,Santa Rita d'Oeste,211.55720035146058,Santa Rita d'Oeste,3900.0,18.434730623778908
3546108,Santa Clara d'Oeste,185.05187319448356,Santa Clara d'Oeste,204.0,1.1023935963382687
3503109,Arandu,286.9037755692743,Arandu,25482.0,88.81723480089668
3511201,Catiguá,148.92628484034202,Catiguá,630.0,4.230280777334895
3550001,São Luiz do Paraitinga,616.8330212990927,São Luiz do Paraitinga,0.0,0.0
3503158,Arapeí,156.79031407566532,Arapeí,0.0,0.0
3553708,Taquaritinga,595.8384216655712,Taquaritinga,5270.0,8.84467971244378
3533007,Nova Granada,534.060403092666,Nova Granada,5265.0,9.858435430732465
3523008,Itapura,304.79172079956214,Itapura,5587.0,18.3305504012497
3514957,Embaúba,83.39184229756965,Embaúba,162.0,1.942636060514534
3512308,Conchas,466.8723739410436,Conchas,735.0,1.5743060438457543
3543907,Rio Claro,498.89284465733414,Rio Claro,650.0,1.302884992159898
3557204,Chavantes,189.6727666149549,Chavantes,7920.0,41.75612630820107
3506201,Bento de Abreu,304.2121487069093,Bento de Abreu,2330.0,7.65912870312362
3542602,Registro,723.0842990893157,Registro,0.0,0.0
3545704,Santa Albertina,274.905114089316,Santa Albertina,0.0,0.0
3537800,Piedade,747.4101687196352,Piedade,360.0,0.48166323535135286
3544400,Rubiácea,238.40842961287112,Rubiácea,1062.0,4.4545404779708555
3500550,Águas de Santa Bárbara,406.0538240470757,Águas de Santa Bárbara,42000.0,103.43456338224448
3549201,São João das Duas Pontes,130.37279283025688,São João das Duas Pontes,0.0,0.0
3528007,Macatuba,225.14760160896637,Macatuba,7298.0,32.41429154850638
3508801,Cafelândia,924.594551348698,Cafelândia,2636.0,2.850979379182897
3518008,Guarani d'Oeste,86.29593132491122,Guarani d'Oeste,726.0,8.412911117055458
3551108,Sarapuí,353.01418444665694,Sarapuí,6000.0,16.996484176421653
3538709,Piracicaba,1379.7600443758063,Piracicaba,2880.0,2.087319466699655
3531308,Monte Alto,347.8267214880244,Monte Alto,1920.0,5.5199899300034225
3521309,Ipuã,467.26987205503195,Ipuã,31524.0,67.46422546216999
3530003,Mira Estrela,218.19908663997836,Mira Estrela,374.0,1.714031006083395
3549250,São João de Iracema,179.634983548319,São João de Iracema,450.0,2.5050799744636434
3552403,Sumaré,153.54710508961756,Sumaré,1400.0,9.11772318457513
3502705,Apiaí,977.1588873525857,Apiaí,6000.0,6.14025014525098
3555505,Ubirajara,283.563627540401,Ubirajara,1980.0,6.982559847940645
3510807,Casa Branca,864.5301909290392,Casa Branca,44291.0,51.23129355656639
3520004,Igaraçu do Tietê,97.9957892846481,Igaraçu do Tietê,0.0,0.0
3540903,Pradópolis,167.66842239550408,Pradópolis,6735.0,40.16856545660797
3515400,Fartura,431.0955369278715,Fartura,15000.0,34.795071428702165
3507506,Botucatu,1486.107618376416,Botucatu,1789.0,1.2038159133821655
3554201,Tejupá,297.3743229250707,Tejupá,7560.0,25.422504288996365
3504909,Bananal,616.008507650489,Bananal,0.0,0.0
3509304,Cajobi,177.4864868135753,Cajobi,150.0,0.8451347631752607
3514106,Dois Córregos,634.3180564834358,Dois Córregos,3113.0,4.907632642933113
3537404,Pereira Barreto,983.2686819077069,Pereira Barreto,4752.0,4.832860119962653
3536109,Pardinho,210.35610408116895,Pardinho,2100.0,9.98307136925147
3526704,Leme,403.1275556920168,Leme,7200.0,17.860351886986084
3516705,Garça,558.5810916300036,Garça,4500.0,8.056126616940228
3501004,Altinópolis,929.6277513626914,Altinópolis,8602.0,9.253166105885706
3548807,São Caetano do Sul,15.328128549901246,,0.0,0.0
3550902,São Simão,617.8409106451758,São Simão,0.0,0.0
3503604,Areiópolis,86.13756246717665,Areiópolis,125.0,1.45116713800245
3502309,Anhembi,737.9031892494138,Anhembi,483.0,0.6545574094771182
3543105,Ribeirão Corrente,148.47751056209609,Ribeirão Corrente,840.0,5.657422439398297
3533908,Olímpia,805.2940335581726,Olímpia,1160.0,1.4404676449353133
3532603,Nhandeara,438.80074646657505,Nhandeara,4680.0,10.665433087079974
3535705,Paraíso,155.64955002368086,Paraíso,600.0,3.8548135854470167
3523909,Itu,641.0718243939056,Itu,1080.0,1.6846786255519408
3522604,Itapira,518.4275043185779,Itapira,3888.0,7.499602099835337
3525706,José Bonifácio,864.7704353213167,José Bonifácio,14850.0,17.172187430855324
3534401,Osasco,64.95565020984756,Osasco,0.0,0.0
3539202,Pirapozinho,482.8004177179962,Pirapozinho,1630.0,3.3761362670404385
3508009,Buri,1199.438626911769,Buri,87390.0,72.85908427428728
3556800,Viradouro,218.19085909363878,Viradouro,4770.0,21.86159410992056
3529807,Mineiros do Tietê,213.73061663019502,Mineiros do Tietê,3344.0,15.645863249372074
3524402,Jacareí,464.0192608733013,Jacareí,0.0,0.0
3506706,Boa Esperança do Sul,692.3849792224779,Boa Esperança do Sul,3600.0,5.199419554194638
3519808,Icém,363.77869195099,Icém,1500.0,4.12338609486805
3501905,Amparo,445.3425079762816,Amparo,187.0,0.41990152893727223
3511300,Cedral,198.6435148099218,Cedral,900.0,4.530729336224205
3541406,Presidente Prudente,566.1647042235152,Presidente Prudente,0.0,0.0
3522653,Itapirapuã Paulista,407.99340725044726,Itapirapuã Paulista,0.0,0.0
3510005,Cândido Mota,599.9115902157342,Cândido Mota,98894.0,164.84762357139445
3553807,Taquarituba,450.2318820110871,Taquarituba,94600.0,210.11395189839186
3500600,Águas de São Pedro,3.617084252473742,Águas de São Pedro,0.0,0.0
3530904,Mombuca,133.82592690675017,Mombuca,158.0,1.1806381891163311
3505401,Barra do Turvo,1009.8663698730708,Barra do Turvo,0.0,0.0
3540101,Pongaí,184.1759393550132,Pongaí,312.0,1.694032353480202
3520905,Ipaussu,210.54309105435536,Ipaussu,4290.0,20.375876399061994
3527207,Lorena,413.8293874814844,Lorena,66.0,0.159486015243306
3542701,Restinga,245.9637132246729,Restinga,380.0,1.5449433374462562
3517208,Guaiçara,278.6033185421022,Guaiçara,1185.0,4.253359242815064
3547502,Santa Rita do Passa Quatro,754.7945244066432,Santa Rita do Passa Quatro,500.0,0.6624319385372576
3546207,Santa Cruz da Conceição,150.2539446521161,Santa Cruz da Conceição,2046.0,13.6169469942178
3549300,São João do Pau d'Alho,118.97460752968904,São João do Pau d'Alho,0.0,0.0
3528502,Mairiporã,320.6428471182043,Mairiporã,0.0,0.0
3538808,Piraju,506.6833071168535,Piraju,32190.0,63.5308081949031
3548005,Santo Antônio de Posse,154.16233452558404,Santo Antônio de Posse,660.0,4.281201384443679
3518503,Guareí,568.951491933497,Guareí,7200.0,12.654857403628332
3550100,São Manuel,652.343805225728,São Manuel,0.0,0.0
3533106,Nova Guataporanga,34.533893830749214,Nova Guataporanga,0.0,0.0
3553856,Taquarivaí,232.41494893657833,Taquarivaí,43426.0,186.84684525972614
3523107,Itaquaquecetuba,82.5934304382036,Itaquaquecetuba,0.0,0.0
3552502,Suzano,206.16194080927409,Suzano,0.0,0.0
3513702,Descalvado,754.5056437670183,Descalvado,3600.0,4.771336079113059
3512407,Cordeirópolis,137.6791909997874,Cordeirópolis,961.0,6.9799945294673025
3546256,Santa Cruz da Esperança,148.17841843909295,Santa Cruz da Esperança,360.0,2.429503592980876
3515509,Fernandópolis,553.5115693424007,Fernandópolis,300.0,0.5419940912100807
3504107,Atibaia,478.4503381771722,Atibaia,3000.0,6.270243242861054
3557303,Estiva Gerbi,74.15793593282702,Estiva Gerbi,900.0,12.136260114025138
3527256,Lourdes,114.68591890909573,Lourdes,2400.0,20.92671901510706
3548054,Santo Antônio do Aracanguá,1318.2384640244434,Santo Antônio do Aracanguá,22200.0,16.840655621764924
3529005,Marília,1177.2406175336494,Marília,2160.0,1.83479907831014
3556008,Urupês,325.2302222102631,Urupês,600.0,1.8448470007565803
3545803,Santa Bárbara d'Oeste,271.2293621832957,Santa Bárbara d'Oeste,800.0,2.9495331683867003
3514205,Dolcinópolis,78.52291746736408,Dolcinópolis,0.0,0.0
3544509,Rubinéia,245.06764553473272,Rubinéia,204.0,0.8324232256562308
3519006,Herculândia,366.74251022532576,Herculândia,1242.0,3.3865722281197184
3509809,Campos Novos Paulista,486.9962048852332,Campos Novos Paulista,44160.0,90.67832471180522
3551207,Sarutaiá,142.23157105482852,Sarutaiá,7200.0,50.621672436033826
3519071,Hortolândia,62.44489702838681,Hortolândia,0.0,0.0
3552551,Suzanápolis,333.6188030095868,Suzanápolis,972.0,2.913504848142713
3501103,Alto Alegre,320.6017780607795,Alto Alegre,1152.0,3.5932427042921904
3531407,Monte Aprazível,498.18816725716,Monte Aprazível,2700.0,5.419638958639268
3519055,Holambra,65.59751120019014,Holambra,2520.0,38.416091615266886
3521408,Iracemápolis,115.2175760819003,Iracemápolis,1567.0,13.600355547196434
3530102,Mirandópolis,926.2106496703396,Mirandópolis,1440.0,1.5547219204535492
3555604,Uchoa,253.40078695935262,Uchoa,1050.0,4.143633540366344
3510906,Cássia dos Coqueiros,191.7646938940314,Cássia dos Coqueiros,945.0,4.927914418501897
3520103,Igarapava,468.8930015082146,Igarapava,7227.0,15.412897988995448
3543204,Ribeirão do Sul,204.33286474600092,Ribeirão do Sul,46250.0,226.3463591992006
3532702,Nipoã,138.34212494966633,Nipoã,710.0,5.132203949146528
3554300,Teodoro Sampaio,1576.8910448889021,Teodoro Sampaio,7731.0,4.902684954079803
3540606,Porto Feliz,557.1740705310499,Porto Feliz,840.0,1.5076078454250124
3507209,Borá,119.80475606336697,Borá,0.0,0.0
3522703,Itápolis,999.8049499595355,Itápolis,19000.0,19.00370667375569
3537503,Pereiras,223.47053156292736,Pereiras,0.0,0.0
3536208,Pariquera-Açu,359.86533678070026,Pariquera-Açu,0.0,0.0
3539301,Pirassununga,727.6321287859752,Pirassununga,21600.0,29.685330190186527
3543238,Ribeirão dos Índios,198.55228321704442,Ribeirão dos Índios,2484.0,12.510558729181941
3556909,Vista Alegre do Alto,95.69180073925398,Vista Alegre do Alto,525.0,5.486363470476927
3544103,Rio Grande da Serra,36.32947167598212,Rio Grande da Serra,0.0,0.0
3526803,Lençóis Paulista,811.9889591783201,Lençóis Paulista,17160.0,21.133292276984655
3529906,Miracatu,1002.1490716094786,Miracatu,0.0,0.0
3508504,Caçapava,368.74446661534256,Caçapava,0.0,0.0
3516804,Gastão Vidigal,181.73841201524363,Gastão Vidigal,1325.0,7.290698676782007
3519907,Iepê,600.2236556452939,Iepê,38450.0,64.0594545689187
3501152,Alumínio,83.66406334874061,Alumínio,0.0,0.0
3548906,São Carlos,1138.464857895262,São Carlos,6480.0,5.691875295984021
3553005,Taguaí,145.94140549013437,Taguaí,5550.0,38.0289608789274
3521002,Iperó,170.45667788491514,Iperó,262.0,1.537047437806402
3550605,São Roque,307.014659806968,São Roque,1620.0,5.276620995943832
3503703,Ariranha,133.02356343143774,Ariranha,256.0,1.92447107411873
3502408,Anhumas,324.07749910551473,Anhumas,1500.0,4.628522511251615
3556958,Vitória Brasil,50.19872753196424,Vitória Brasil,360.0,7.17149652390628
3536257,Parisi,85.25143437596132,Parisi,300.0,3.5190023745171395
3505500,Barretos,1570.5366937799104,Barretos,15080.0,9.60181322711156
3541901,Queluz,249.20261367660473,Queluz,0.0,0.0
3535804,Paranapanema,1021.7006519862215,Paranapanema,82350.0,80.60090775111942
3516853,Gavião Peixoto,244.3371699899434,Gavião Peixoto,3984.0,16.30533741617772
3509007,Caieiras,97.64077006502497,Caieiras,0.0,0.0
3525805,Júlio Mesquita,128.8587521088889,Júlio Mesquita,0.0,0.0
3534500,Oscar Bressane,223.5690673805117,Oscar Bressane,558.0,2.4958730048745568
3516002,Flórida Paulista,529.0379773805954,Flórida Paulista,1020.0,1.9280279367660622
3506805,Bocaina,364.82916005580984,Bocaina,699.0,1.9159652695882925
3547601,Santa Rosa de Viterbo,288.77442331643283,Santa Rosa de Viterbo,6240.0,21.608561895256013
3538006,Pindamonhangaba,730.8106697256597,Pindamonhangaba,2952.0,4.039349892234272
3528601,Manduri,229.96532559208075,Manduri,6346.0,27.595464593026172
3551702,Sertãozinho,403.7398659371004,Sertãozinho,1500.0,3.7152635311809625
3511409,Cerqueira César,513.4947891440131,Cerqueira César,51360.0,100.02048917695197
3518602,Guariba,270.8214956864581,Guariba,3960.0,14.62217757110634
3549805,São José do Rio Preto,433.8007612120236,São José do Rio Preto,1140.0,2.627934531084919
3548500,Santos,280.92838533856104,Santos,0.0,0.0
3500709,Agudos,970.2104134040451,Agudos,2475.0,2.5509930277044797
3531902,Morro Agudo,1390.7253431632175,Morro Agudo,42240.0,30.37263986570111
3541109,Presidente Alves,287.89680705096157,Presidente Alves,0.0,0.0
3533205,Nova Independência,267.82513679114714,Nova Independência,0.0,0.0
3521903,Itajobi,503.86183727360543,Itajobi,0.0,0.0
3530607,Mogi das Cruzes,712.2289737827625,Mogi das Cruzes,0.0,0.0
3520608,Indiana,130.6046622002427,Indiana,450.0,3.44551252933116
3535408,Panorama,360.24005207936017,Panorama,0.0,0.0
3513801,Diadema,30.727914829079914,,0.0,0.0
3525409,Jeriquara,142.11071000862327,Jeriquara,2160.0,15.199417411037713
3512506,Coroados,248.47974756908008,Coroados,6418.0,25.82906680640331
3527306,Louveira,55.747800917658324,Louveira,0.0,0.0
3554805,Tremembé,190.9600295268377,Tremembé,300.0,1.5710093926113355
3504206,Auriflama,437.7978239579734,Auriflama,550.0,1.2562876512899195
3534104,Oriente,219.98976459169256,Oriente,0.0,0.0
3529104,Marinópolis,78.48041341902935,Marinópolis,0.0,0.0
3517307,Guaimbê,218.99828173665387,Guaimbê,1824.0,8.328832470902059
3524105,Ituverava,705.597157188142,Ituverava,31990.0,45.33748424877811
3514700,Echaporã,518.5067170042864,Echaporã,9408.0,18.144412967985186
3519105,Iacanga,549.315983770786,Iacanga,12000.0,21.845350134590767
3500758,Alambari,159.81118230588027,Alambari,7590.0,47.493547638441605
3547205,Santana da Ponte Pensa,130.96720896108351,Santana da Ponte Pensa,504.0,3.84829152272583
3509908,Cananéia,1239.1863953574386,Cananéia,0.0,0.0
3511003,Castilho,1076.843863959897,Castilho,4648.0,4.316317486276819
3500303,Aguaí,474.695036680166,Aguaí,10783.0,22.71563670733139
3513405,Cruzeiro,305.45440204271455,Cruzeiro,0.0,0.0
3512100,Colômbia,730.7929338503199,Colômbia,3900.0,5.33666900616036
3557006,Votorantim,184.31355665308524,Votorantim,1450.0,7.867028483038761
3543709,Rincão,317.1588450860595,Rincão,330.0,1.0404880870040252
3506003,Bauru,670.1395695848141,Bauru,0.0,0.0
3542404,Regente Feijó,265.85511045487084,Regente Feijó,3390.0,12.751306507517581
3545506,Sandovalina,461.1117711191899,Sandovalina,2565.0,5.562642640361027
3544202,Riolândia,635.1942834571336,Riolândia,7800.0,12.279707489726468
3526902,Limeira,581.0945797080844,Limeira,3240.0,5.575684429250105
3516507,Gabriel Monteiro,139.71364666416562,Gabriel Monteiro,1410.0,10.092070700790341
3549003,São Francisco,76.1774817541388,São Francisco,390.0,5.119623161851382
3539806,Poá,17.257910489018553,Poá,0.0,0.0
3509957,Canas,53.218522541902004,Canas,0.0,0.0
3508603,Cachoeira Paulista,287.759572224723,Cachoeira Paulista,0.0,0.0
3538501,Piquete,175.8566763418026,Piquete,0.0,0.0
3531100,Mongaguá,142.74263885788727,Mongaguá,0.0,0.0
3553500,Tapiraí,755.8249671385627,Tapiraí,0.0,0.0
3521101,Ipeúna,190.2248264034989,Ipeúna,0.0,0.0
3552205,Sorocaba,450.20728426896875,Sorocaba,2100.0,4.664518041750276
3511904,Clementina,169.79235473498346,Clementina,360.0,2.120236806668344
3555307,Turmalina,148.8729590800874,Turmalina,0.0,0.0
3510609,Carapicuíba,34.548304208557376,Carapicuíba,0.0,0.0
3503802,Artur Nogueira,178.09546892340495,Artur Nogueira,900.0,5.0534693860576025
3515202,Estrela d'Oeste,298.3937700505377,Estrela d'Oeste,144.0,0.4825838018522013
3544251,Rosana,755.4759213996338,Rosana,9544.0,12.633096210820712
3554003,Tatuí,524.4451856249927,Tatuí,15000.0,28.60165449345135
3540705,Porto Ferreira,245.09791963274722,Porto Ferreira,7200.0,29.376014332510138
3507308,Boracéia,122.47317492436947,Boracéia,1915.0,15.636077052648996
3509106,Caiuá,557.8712905229081,Caiuá,500.0,0.8962640818661527
3537206,Pedro de Toledo,670.7048901275052,Pedro de Toledo,0.0,0.0
3504701,Balbinos,92.01616871244732,Balbinos,0.0,0.0
3527801,Lupércio,155.9922154924879,Lupércio,2848.0,18.257321309326176
3517802,Guaraçaí,574.7642209651934,Guaraçaí,0.0,0.0
3526506,Lavínia,542.487363880397,Lavínia,2504.0,4.6157757151963095
3546801,Santa Isabel,363.1864510733542,Santa Isabel,0.0,0.0
3540754,Potim,44.608893042520094,Potim,99.0,2.219288425418574
3549904,São José dos Campos,1098.777413028824,São José dos Campos,0.0,0.0
3548609,São Bento do Sapucaí,252.40868138219574,São Bento do Sapucaí,0.0,0.0
3550704,São Sebastião,402.11254101465227,São Sebastião,0.0,0.0
3521150,Ipiguá,136.6285134939451,Ipiguá,600.0,4.391469867134212
3503406,Arealva,507.93736682339005,Arealva,2994.0,5.894427532914731
3502101,Andradina,973.8565265365035,Andradina,81.0,0.08317446953718582
3533700,Ocauçu,302.7229061659816,Ocauçu,2427.0,8.017232758294435
3555356,Ubarana,210.9563893302765,Ubarana,2304.0,10.921688635810044
3532405,Nazaré Paulista,326.15121323908875,Nazaré Paulista,0.0,0.0
3523701,Itirapuã,161.1928923237583,Itirapuã,504.0,3.1266887313350553
3535507,Paraguaçu Paulista,1009.0257109038578,Paraguaçu Paulista,13680.0,13.5576327264702
3522406,Itapeva,1831.82369067644,Itapeva,278064.0,151.79626806623455
3525508,Joanópolis,374.13665217200713,Joanópolis,0.0,0.0
3534203,Orindiúva,248.44940903679873,Orindiúva,11253.0,45.29292318957892
3514809,Eldorado,1657.3284820071087,Eldorado,0.0,0.0
3539004,Pirangi,216.4125011451516,Pirangi,750.0,3.4656038631380266
3556602,Vera Cruz,249.03748000509592,Vera Cruz,0.0,0.0
3524204,Jaborandi,274.0761495003596,Jaborandi,5361.0,19.56025728533145
3529609,Meridiano,229.67482605214832,Meridiano,3280.0,14.28106012478384
3506508,Birigui,533.6609839076582,Birigui,32335.0,60.59090129323577
3519600,Ibitinga,691.5416520261358,Ibitinga,5400.0,7.808640280999176
3529658,Mesópolis,149.79206781923332,Mesópolis,1632.0,10.895102950107288
3551801,Sete Barras,1064.1814646664432,Sete Barras,0.0,0.0
3501707,Américo Brasiliense,123.15821423072579,Américo Brasiliense,0.0,0.0
3511102,Catanduva,291.58280257452924,Catanduva,396.0,1.3581047870571223
3549953,São Lourenço da Serra,186.48607449313073,São Lourenço da Serra,0.0,0.0
3541208,Presidente Bernardes,757.3279111687835,Presidente Bernardes,7180.0,9.480701680358132
3500402,Águas da Prata,142.66644859139586,Águas da Prata,0.0,0.0
3530706,Mogi Guaçu,812.9840099036188,Mogi Guaçu,12600.0,15.498459805493296
3505203,Bariri,445.6697012607553,Bariri,4719.0,10.588559165342446
3520707,Indiaporã,281.4887588662725,Indiaporã,2225.0,7.904400903828048
3527009,Lindóia,48.751792879331724,Lindóia,0.0,0.0
3554904,Três Fronteiras,152.88773823716687,Três Fronteiras,0.0,0.0
3517000,Getulina,680.7502806651488,Getulina,1044.0,1.5336020118565745
3543808,Rinópolis,361.3086225793541,Rinópolis,2430.0,6.725552195938252
3542503,Reginópolis,411.97411532228114,Reginópolis,1755.0,4.259976378921501
3507803,Brodowski,278.74935507238257,Brodowski,1260.0,4.520189830296888
3547304,Santana de Parnaíba,179.9760889665879,Santana de Parnaíba,0.0,0.0
3528304,Magda,314.3343683735006,Magda,2880.0,9.162217974771076
3536802,Pedra Bela,158.54617811761597,Pedra Bela,900.0,5.676579597726686
3546009,Santa Branca,272.0724330827539,Santa Branca,0.0,0.0
3549102,São João da Boa Vista,516.4282872543226,São João da Boa Vista,315.0,0.6099588418650539
3518305,Guararema,270.6775238790015,Guararema,0.0,0.0
3539905,Poloni,135.85534022109638,Poloni,270.0,1.9874080736214805
3538600,Piracaia,385.429967737817,Piracaia,0.0,0.0
3554953,Tuiuti,126.72320155655085,Tuiuti,0.0,0.0
3553609,Tapiratiba,221.89265281060386,Tapiratiba,2520.0,11.356842906154906
3552304,Sud Mennucci,599.8517951230403,Sud Mennucci,10709.0,17.85274310599236
3513504,Cubatão,142.837695966276,Cubatão,0.0,0.0
3512209,Conchal,182.86600700008793,Conchal,13650.0,74.64481903404517
3557105,Votuporanga,423.1935299617581,Votuporanga,1080.0,2.5520238934125348
3515301,Estrela do Norte,267.8789730095134,Estrela do Norte,250.0,0.9332572735789962
3557154,Zacarias,320.9764525465857,Zacarias,2160.0,6.729465613015656
3545605,Santa Adélia,331.28783267890907,Santa Adélia,1800.0,5.433341712083331
3504800,Bálsamo,150.59581220512942,Bálsamo,540.0,3.5857570811096378
3509601,Campo Limpo Paulista,79.40297641882769,Campo Limpo Paulista,0.0,0.0
3526001,Junqueirópolis,588.5402671893856,Junqueirópolis,1311.0,2.2275451198280285
3516606,Gália,357.5897698502018,Gália,2550.0,7.131076487641754
3544301,Roseira,129.74577506035692,Roseira,360.0,2.7746568227946558
3531209,Monte Alegre do Sul,110.29992214339421,Monte Alegre do Sul,0.0,0.0
3546900,Santa Lúcia,154.11807388251387,Santa Lúcia,1120.0,7.267155446374122
3521200,Iporanga,1154.8184161978338,Iporanga,0.0,0.0
3553658,Taquaral,54.01531574721747,Taquaral,300.0,5.553980308176836
3555406,Ubatuba,707.5416648789336,Ubatuba,0.0,0.0
3510708,Cardoso,642.9823777512213,Cardoso,10169.0,15.81536345609541
3533809,Óleo,199.7744166412613,Óleo,24792.0,124.09997444527376
3554102,Taubaté,624.5453401733273,Taubaté,2340.0,3.746725576962259
3543006,Ribeirão Branco,699.4820265506555,Ribeirão Branco,2160.0,3.0879992880611575
3532504,Neves Paulista,220.14353908279824,Neves Paulista,3960.0,17.988263550676376
3507001,Boituva,249.2156467204782,Boituva,2625.0,10.53304651832
3523800,Itobi,139.0105040831166,Itobi,3720.0,26.76056766023777
3540408,Populina,318.3019817246351,Populina,496.0,1.5582686520283513
3515350,Euclides da Cunha Paulista,582.1489755959129,Euclides da Cunha Paulista,2520.0,4.328788859278536
3522505,Itapevi,82.67424414525088,Itapevi,0.0,0.0
3514007,Dobrada,150.0568241608747,Dobrada,700.0,4.6648994733457485
3545209,Salto,133.13289649093298,Salto,480.0,3.6054199424158884
3537305,Penápolis,715.6687193780557,Penápolis,15840.0,22.133145645607627
3527900,Lutécia,478.4735729932059,Lutécia,10800.0,22.57177952888394
3536000,Parapuã,369.66592184173265,Parapuã,1500.0,4.057717824047098
3539103,Pirapora do Bom Jesus,108.51259781928535,Pirapora do Bom Jesus,0.0,0.0
3556701,Vinhedo,80.96702823832011,Vinhedo,0.0,0.0
3517901,Guaraci,643.7609255244623,Guaraci,1324.0,2.0566641240633814
3526605,Lavrinhas,166.93436198953285,Lavrinhas,0.0,0.0
3529708,Miguelópolis,822.3350950926697,Miguelópolis,58809.0,71.51464208562419
3519709,Ibiúna,1058.5687254802244,Ibiúna,840.0,0.793524293492546
3508306,Cabrália Paulista,240.98534891622347,Cabrália Paulista,0.0,0.0
3550407,São Pedro,612.1566690073397,São Pedro,350.0,0.5717490598731083
3555000,Tupã,632.5764314197135,Tupã,2376.0,3.7560678551799027
3503505,Areias,304.98925929589456,Areias,0.0,0.0
3502200,Angatuba,1029.6428090450725,Angatuba,32550.0,31.612904702542462
3505302,Barra Bonita,150.49367214779335,Barra Bonita,1557.0,10.34594995111115
3541703,Quatá,656.2955001842913,Quatá,4380.0,6.673822994017287
3535606,Paraibuna,809.0155354858118,Paraibuna,0.0,0.0
3522109,Itanhaém,601.7477227225003,Itanhaém,0.0,0.0
3514924,Elisiário,94.32458036559613,Elisiário,276.0,2.926066555825018
3514908,Elias Fausto,202.4927579037203,Elias Fausto,447.0,2.207486354709713
3506607,Biritiba Mirim,317.23751363290506,Biritiba Mirim,0.0,0.0
3544806,Sales,309.97547389729635,Sales,450.0,1.4517277587874509
3528403,Mairinque,210.25041191323686,Mairinque,1280.0,6.087978560195221
3536901,Pedranópolis,261.73047617864785,Pedranópolis,360.0,1.3754607612232246
3518404,Guaratinguetá,752.0464968451179,Guaratinguetá,185.0,0.24599542817643136
3551504,Serrana,126.17444671096742,Serrana,480.0,3.8042568246766653
3549607,São José do Barreiro,570.2546149669744,São José do Barreiro,0.0,0.0
3501806,Américo de Campos,254.22803197589275,Américo de Campos,3000.0,11.800429624867158
3522158,Itaoca,183.55216017679308,Itaoca,0.0,0.0
3532157,Nantes,289.3115355387653,Nantes,24160.0,83.5085955180061
3548302,Santo Expedito,95.40788431821055,Santo Expedito,0.0,0.0
3521705,Itaberá,1104.2142839771545,Itaberá,161963.0,146.67714622984437
3531704,Monteiro Lobato,332.5320309279208,Monteiro Lobato,0.0,0.0
3556354,Vargem,142.55468618785895,Vargem,1216.0,8.53005981436171
3500501,Águas de Lindóia,60.11810906886491,Águas de Lindóia,0.0,0.0
3513603,Cunha,1406.1307800835884,Cunha,0.0,0.0
3530409,Mirassolândia,166.8921628479003,Mirassolândia,900.0,5.3927037953257795
3552809,Taboão da Serra,20.38819610547115,Taboão da Serra,0.0,0.0
3555901,Uru,147.50168705073264,Uru,115.0,0.7796520995752827
3505351,Barra do Chapéu,407.0786170334063,Barra do Chapéu,0.0,0.0
3520400,Ilhabela,346.12194604590377,Ilhabela,0.0,0.0
3525201,Jarinu,207.54213313811096,Jarinu,0.0,0.0
3535200,Palmeira d'Oeste,321.33262519721507,Palmeira d'Oeste,500.0,1.556020026578781
3527108,Lins,572.920856894169,Lins,540.0,0.9425385609582543
3554607,Timburi,197.7179509898508,Timburi,2730.0,13.807547500530871
3515806,Flora Rica,226.96103487777162,Flora Rica,1800.0,7.930876773492764
3504008,Assis,463.78913677257725,Assis,23096.0,49.798492825254144
3517109,Glicério,274.5491690853718,Glicério,8400.0,30.595612538124268
3507902,Brotas,1103.2413441431693,Brotas,12150.0,11.013002789010123
3514502,Duartina,265.69784651553147,Duartina,0.0,0.0
3509700,Campos do Jordão,289.771267428208,Campos do Jordão,0.0,0.0
3547007,Santa Maria da Serra,253.0760014691768,Santa Maria da Serra,5250.0,20.744756395400138
3520442,Ilha Solteira,659.043070590966,Ilha Solteira,1900.0,2.8829678738542297
3536505,Paulínia,138.8319745880789,Paulínia,0.0,0.0
3501400,Álvaro de Carvalho,154.44780415354532,Álvaro de Carvalho,96.0,0.6215692124995248
3520426,Ilha Comprida,196.77690859953333,,0.0,0.0
3500105,Adamantina,415.68248124545573,Adamantina,1350.0,3.247671145426118
3554656,Torre de Pedra,71.48127350393229,Torre de Pedra,0.0,0.0
3513207,Cristais Paulista,385.52053836529194,Cristais Paulista,2520.0,6.5366167278284575
3543501,Riversul,387.5306060148185,Riversul,14060.0,36.28100537551445
3542206,Rancharia,1600.9421232782247,Rancharia,62890.0,39.28311903694626
3545308,Salto de Pirapora,280.66838584603823,Salto de Pirapora,4000.0,14.251694176180626
3524808,Jales,371.35805682242125,Jales,0.0,0.0
3534807,Ouro Verde,269.7977451060455,Ouro Verde,732.0,2.7131435057482904
3516309,Francisco Morato,48.99946515991797,Francisco Morato,0.0,0.0
3544004,Rio das Pedras,226.8739722692527,Rio das Pedras,2000.0,8.815466930805142
3508405,Cabreúva,260.31729590472054,Cabreúva,0.0,0.0
3539608,Planalto,291.48563627973937,Planalto,3240.0,11.115470530048915
3528908,Mariápolis,188.28189919909323,Mariápolis,100.0,0.5311185006385447
3538303,Piquerobi,488.1957199244223,Piquerobi,943.0,1.9316023502745703
3502754,Araçariguama,145.24899760338556,Araçariguama,0.0,0.0
3511706,Charqueada,176.05253315565594,Charqueada,0.0,0.0
3553302,Tambaú,562.0852344528398,Tambaú,2100.0,3.736088178947164
3552007,Silveiras,414.453002470871,Silveiras,0.0,0.0
3536570,Paulistânia,257.2165202885305,Paulistânia,780.0,3.0324646298964058
3555109,Tupi Paulista,247.41342643122144,Tupi Paulista,900.0,3.637636053070836
3510401,Capivari,323.13507422287677,Capivari,270.0,0.8355638911973147
3515004,Embu das Artes,70.40360512771886,Embu das Artes,0.0,0.0
3505807,Bastos,172.26801538473742,Bastos,0.0,0.0
3507100,Bom Jesus dos Perdões,108.34042113896872,Bom Jesus dos Perdões,0.0,0.0
3540507,Porangaba,266.1458578122512,Porangaba,396.0,1.4879059296851898
3507159,Bom Sucesso de Itararé,134.06177765275663,Bom Sucesso de Itararé,0.0,0.0
3537008,Pedregulho,713.1800159542979,Pedregulho,1798.0,2.521102610529709
3517604,Guapiara,409.28314307217556,Guapiara,20000.0,48.865926531631125
3527603,Luís Antônio,599.0065633905658,Luís Antônio,5850.0,9.766170118215662
3526308,Lagoinha,255.2707929499035,Lagoinha,0.0,0.0
3547908,Santo Antônio da Alegria,310.46181515899144,Santo Antônio da Alegria,1800.0,5.797814456113378
3518909,Guzolândia,254.49776977532187,Guzolândia,2033.0,7.98828218335584
3546603,Santa Fé do Sul,208.35390757509467,Santa Fé do Sul,158.0,0.7583251105720388
3550506,São Pedro do Turvo,734.9934859719476,São Pedro do Turvo,46200.0,62.85769994125269
3549706,São José do Rio Pardo,419.7417293130534,São José do Rio Pardo,3150.0,7.504614814341356
3503208,Araraquara,1005.5103058735473,Araraquara,6000.0,5.967119347212895
3548401,Santópolis do Aguapeí,128.9597047128382,Santópolis do Aguapeí,0.0,0.0
3541802,Queiroz,236.4398177732242,Queiroz,300.0,1.2688218203912596
3523503,Itatinga,982.3825065064185,Itatinga,1260.0,1.282596128956789
3533502,Novo Horizonte,935.5468525756793,Novo Horizonte,1890.0,2.0202088166900354
3552908,Taciba,612.6991065324173,Taciba,27650.0,45.128187237754794
3522208,Itapecerica da Serra,150.7555926168915,Itapecerica da Serra,0.0,0.0
3532207,Narandiba,361.0342490064752,Narandiba,460.0,1.2741173483287727
3535309,Palmital,551.8724223875182,Palmital,91807.0,166.3554768742081
3512803,Cosmópolis,154.7345009783766,Cosmópolis,420.0,2.714326781321336
3525300,Jaú,688.8361340313245,Jaú,11959.0,17.36116822155002
3515905,Floreal,205.53360995423955,Floreal,900.0,4.378845874406516
3504503,Avaré,1216.864118009393,Avaré,51200.0,42.07536342164112
3556404,Vargem Grande do Sul,267.21906150950775,Vargem Grande do Sul,2400.0,8.981395213509524
3506300,Bernardino de Campos,245.2441682787329,Bernardino de Campos,14130.0,57.61604893267232
3524006,Itupeva,200.93804487323516,Itupeva,36.0,0.17915970080584367
3534005,Onda Verde,243.92871394497286,Onda Verde,360.0,1.47584101181795
3514601,Dumont,111.55080868291107,Dumont,1080.0,9.6816868721226
3519402,Ibirá,272.9896097395985,Ibirá,2160.0,7.912389054148976
3529401,Mauá,61.920944197014585,Mauá,0.0,0.0
3544905,Sales Oliveira,306.19886847305906,Sales Oliveira,7520.0,24.55920244741743
3551603,Serra Negra,203.7229471627023,Serra Negra,840.0,4.123246849208098
3501509,Alvinlândia,85.31550619440239,Alvinlândia,0.0,0.0
3500204,Adolfo,212.10548785214755,Adolfo,1008.0,4.752352285682711
3505005,Barão de Antonina,153.8449723782854,Barão de Antonina,16860.0,109.59084160737723
3521804,Itaí,1096.6511926320018,Itaí,100848.0,91.95996017472176
3531803,Monte Mor,240.7064832158311,Monte Mor,382.0,1.586995060940993
3556453,Vargem Grande Paulista,42.499761130546375,Vargem Grande Paulista,0.0,0.0
3541000,Praia Grande,149.6208167652931,Praia Grande,0.0,0.0
3506359,Bertioga,491.2883432173658,Bertioga,0.0,0.0
3520509,Indaiatuba,311.68812855722166,Indaiatuba,840.0,2.69500158343627
3530508,Mococa,855.4127480159822,Mococa,7950.0,9.293759086989274
3541059,Pratânia,175.58401241477677,Pratânia,0.0,0.0
3554706,Torrinha,315.8415796393084,Torrinha,5517.0,17.467617804788155
3543600,Rifaina,162.64038796806858,Rifaina,600.0,3.689120565291561
3507605,Bragança Paulista,512.4965907874133,Bragança Paulista,2000.0,3.9024649840638883
3542305,Redenção da Serra,309.2161659734588,Redenção da Serra,0.0,0.0
3537909,Pilar do Sul,682.0034192672287,Pilar do Sul,35100.0,51.4660176303996
3547106,Santa Mercedes,168.64554465998805,Santa Mercedes,480.0,2.8462062307530513
3551009,São Vicente,148.11665292117067,São Vicente,0.0,0.0
3518107,Guarantã,463.94755264410634,Guarantã,36.0,0.07759497769700612
3528106,Macaubal,249.53772555484898,Macaubal,990.0,3.967335992178047
3536604,Paulo de Faria,741.3825704899874,Paulo de Faria,8840.0,11.923668497031906
3508900,Caiabu,255.75027090848843,Caiabu,0.0,0.0
3539707,Platina,329.5491488483172,Platina,32572.0,98.83806440960355
3554755,Trabiju,63.55753038249592,Trabiju,144.0,2.265663866002861
3553401,Tanabi,750.9692760905118,Tanabi,4500.0,5.992255799633579
3552106,Socorro,448.9428226921955,Socorro,2520.0,5.613186964184444
3513306,Cruzália,150.51140906643383,Cruzália,23056.0,153.18440072422266
3512001,Colina,423.4260268383664,Colina,3380.0,7.98250411113779
3502804,Araçatuba,1175.9119220346215,Araçatuba,20700.0,17.60335924155257
3515103,Embu-Guaçu,155.6502879306612,Embu-Guaçu,0.0,0.0
3505906,Batatais,850.3555091639764,Batatais,12540.0,14.746773396374712
3545407,Salto Grande,189.4999277628152,Salto Grande,47600.0,251.18743084471168
3509403,Cajuru,660.4980446805613,Cajuru,1344.0,2.034828128295221
3524907,Jambeiro,184.29012695645545,Jambeiro,0.0,0.0
3534906,Pacaembu,342.6672083928086,Pacaembu,683.0,1.9931875104228205
3516408,Franco da Rocha,132.77211229823956,Franco da Rocha,0.0,0.0
3509452,Campina do Monte Alegre,184.8941458760042,Campina do Monte Alegre,16800.0,90.862801093046
3546702,Santa Gertrudes,98.3760070465942,Santa Gertrudes,260.0,2.642920848341153
3515129,Emilianópolis,227.49401281750744,Emilianópolis,2520.0,11.07721459914424
3531001,Monções,104.99122766640988,Monções,513.0,4.886122501871891
3555208,Turiúba,154.1862473523313,Turiúba,1644.0,10.662429550174423
3502002,Analândia,326.3071372689016,Analândia,1980.0,6.067902824841772
3541505,Presidente Venceslau,763.9914046514662,Presidente Venceslau,0.0,0.0
3510500,Caraguatatuba,484.59054599132565,Caraguatatuba,0.0,0.0
3515194,Espírito Santo do Turvo,194.50661541740962,Espírito Santo do Turvo,8280.0,42.569246203946264
3515186,Espírito Santo do Pinhal,389.25299711353955,Espírito Santo do Pinhal,0.0,0.0
3523602,Itirapina,565.3413634698395,Itirapina,780.0,1.3796973835642796
3533601,Nuporanga,348.6822896024629,Nuporanga,14571.0,41.78875851885848
3515152,Engenheiro Coelho,109.98866907294659,Engenheiro Coelho,2055.0,18.683742764785023
3540200,Pontal,356.9813728990956,Pontal,2640.0,7.395343848224323
3522307,Itapetininga,1792.4183813494326,Itapetininga,115200.0,64.27070889178843
3532306,Natividade da Serra,832.7387195955987,Natividade da Serra,0.0,0.0
3545001,Salesópolis,424.7353279632723,Salesópolis,0.0,0.0
3543253,Ribeirão Grande,334.0564278610604,Ribeirão Grande,7200.0,21.55324489967485
3512902,Cosmorama,444.0447774017157,Cosmorama,720.0,1.6214580975662165
3504602,Bady Bassitt,110.86577500562646,Bady Bassitt,1560.0,14.071069272016812
3537107,Pedreira,108.83100150349662,Pedreira,0.0,0.0
3556503,Várzea Paulista,35.121922057857894,Várzea Paulista,0.0,0.0
3517703,Guará,362.64436859574334,Guará,12886.0,35.533434725315225
3527702,Luiziânia,167.709615414911,Luiziânia,450.0,2.683209301307542
3537156,Pedrinhas Paulista,153.5276680588673,Pedrinhas Paulista,26760.0,174.3008301913332
3508108,Buritama,329.02801038117445,Buritama,1620.0,4.923592973507794
3526407,Laranjal Paulista,384.7859095008141,Laranjal Paulista,349.0,0.9069978691599194
3519501,Ibirarema,229.5837520203234,Ibirarema,36000.0,156.80552165909884
3529500,Mendonça,196.08328795586715,Mendonça,480.0,2.447939368030357
3524501,Jaci,145.83311882278636,Jaci,720.0,4.937150119342441
3525854,Jumirim,56.75418856436088,Jumirim,432.0,7.611772997337449
3546306,Santa Cruz das Palmeiras,295.49592901612647,Santa Cruz das Palmeiras,4500.0,15.228636194694973
3540259,Pontalinda,211.0853037042063,Pontalinda,216.0,1.0232829865914335
3550209,São Miguel Arcanjo,931.7320263108944,São Miguel Arcanjo,45600.0,48.94111043982134
3503307,Araras,645.2287952082199,Araras,10800.0,16.73824863398225
3510104,Cândido Rodrigues,71.08361255473632,Cândido Rodrigues,0.0,0.0
3505104,Barbosa,206.3746826408231,Barbosa,562.0,2.723202249464443
3503356,Arco-Íris,266.7657726727071,Arco-Íris,0.0,0.0
3553906,Tarabai,203.55473512739096,Tarabai,290.0,1.4246782312310686
3553955,Tarumã,305.1573670691067,Tarumã,15419.0,50.52802804039194
3523206,Itararé,1007.8162991038979,Itararé,84000.0,83.34852301425248
3506409,Bilac,159.16352899265613,Bilac,2139.0,13.439008380485799
3542800,Ribeira,336.8777410817599,Ribeira,0.0,0.0
3556107,Valentim Gentil,150.67413077817685,Valentim Gentil,90.0,0.5973155413950814
3510153,Canitar,57.755980097000226,Canitar,5600.0,96.95965665537823
3544608,Sabino,306.74106926128485,Sabino,2511.0,8.186057400292581
3547650,Santa Salete,79.83126493164713,Santa Salete,90.0,1.127377852236959
3518206,Guararapes,963.1560850867867,Guararapes,12250.0,12.718603131595431
3549409,São Joaquim da Barra,411.48866701956223,São Joaquim da Barra,10913.0,26.520779002356328
3528205,Macedônia,329.6908806327767,Macedônia,1050.0,3.1848014661028285
3536703,Pederneiras,729.7504641358265,Pederneiras,13260.0,18.170594815177743
3501608,Americana,133.9880957571644,Americana,0.0,0.0
3551306,Sebastianópolis do Sul,168.80622021122315,Sebastianópolis do Sul,900.0,5.331557088795968
3548104,Santo Antônio do Jardim,109.94995918593753,Santo Antônio do Jardim,0.0,0.0
3538907,Pirajuí,827.3412142593903,Pirajuí,5250.0,6.345628513985773
3531506,Monte Azul Paulista,264.20796525093573,Monte Azul Paulista,1113.0,4.212590634589349
3521507,Irapuã,258.734460073181,Irapuã,600.0,2.31897985227903
3552601,Tabapuã,347.018560412377,Tabapuã,1152.0,3.319707160997467
3530201,Mirante do Paranapanema,1253.957886838378,Mirante do Paranapanema,9600.0,7.655759496201756
3502903,Araçoiaba da Serra,255.5632496097149,Araçoiaba da Serra,3740.0,14.634342010095606
3555703,União Paulista,79.49991778961862,União Paulista,1184.0,14.893097161851543
3535002,Palestina,700.956869672493,Palestina,6350.0,9.059045249056338
3533254,Novais,118.16147665633423,Novais,1350.0,11.425043408406246
3520202,Igaratá,292.818789935032,Igaratá,0.0,0.0
3525003,Jandira,17.451364211209587,Jandira,0.0,0.0
3554409,Terra Roxa,222.0287389013467,Terra Roxa,4500.0,20.267646532008047
3515608,Fernando Prestes,170.47249871676556,Fernando Prestes,126.0,0.7391221513643961
3507704,Braúna,196.50067427706503,Braúna,3465.0,17.63352727794901
3513850,Dirce Reis,88.81721044380578,Dirce Reis,0.0,0.0
3507753,Brejo Alegre,106.37117198438071,Brejo Alegre,11160.0,104.91564388929275
3509502,Campinas,794.7997370093263,Campinas,1920.0,2.415702862741977
3514304,Dourado,206.31194120218203,Dourado,724.0,3.5092491291645254
3515657,Fernão,100.96882751912366,Fernão,750.0,7.428035151323796
3537602,Peruíbe,326.29132247176295,Peruíbe,0.0,0.0
3536307,Patrocínio Paulista,603.2136648773281,Patrocínio Paulista,3960.0,6.564838017728462
3501202,Álvares Florence,364.49462083306736,Álvares Florence,2520.0,6.913682276683362
3516903,General Salgado,497.888006635919,General Salgado,1800.0,3.6152708561149405
